,Avg. Session Length,Time on App,Time on Website,Length of Membership,Yearly Amount Spent
count,500.0,500.0,500.0,500.0,500.0
mean,33.05319351824001,12.052487936928,37.060445421080004,3.53346155593,499.31403826080003
std,0.9925631111602927,0.994215608462462,1.0104889068105996,0.9992775024367541,79.31478155115916
min,29.53242897,8.508152176,33.91384725,0.26990109,256.67058230000004
25%,32.341822002499995,11.388153352499998,36.34925733,2.93044971,445.0382770500001
50%,33.0820076,11.983231255,37.069366585,3.533975004,498.88787545
75%,33.711985025,12.753849702499998,37.716432277500004,4.12650194425,549.3138276
max,36.13966249,15.12699429,40.00518164,6.922689335,765.5184619
