,Avg. Session Length,Time on App,Time on Website,Length of Membership,Yearly Amount Spent
count,500.0,500.0,500.0,500.0,500.0
mean,33.05319351819619,12.052487937166132,37.06044542094858,3.533461555915056,499.31403825859053
std,0.9925631110845359,0.9942156084725424,1.0104889067564025,0.9992775024112586,79.31478154970677
min,29.532428967057943,8.508152176032603,33.91384724758464,0.2699010899842742,256.67058229005585
25%,32.34182200451778,11.388153351800941,36.34925732959517,2.9304497098614917,445.0382770450168
50%,33.08200760262899,11.983231258825269,37.06936658283582,3.53397500358771,498.88787546911493
75%,33.71198502395448,12.753849702914039,37.716432275730966,4.126501944465182,549.313827581537
max,36.13966248879052,15.126994288792467,40.005181638101895,6.922689335035808,765.5184619388373
